,folds,test_auc,val_auc,test_acc,val_acc
0,0,0.6237499999999999,0.6375000000000001,0.5,0.5294117647058824
1,1,0.6253787878787879,0.6145774248440159,0.452054794520548,0.5119047619047619
2,2,0.516764705882353,0.517094017094017,0.5952380952380952,0.5357142857142857
3,3,0.4150943396226415,0.6411764705882353,0.5638297872340425,0.5405405405405406
4,4,0.5914634146341463,0.5735430157261795,0.5176470588235293,0.5053763440860215
