,folds,test_auc,val_auc,test_acc,val_acc
0,0,0.88625,0.8822222222222222,0.8125,0.8705882352941177
1,1,0.8772727272727273,0.9449801474758934,0.7397260273972603,0.8928571428571429
2,2,0.9305882352941177,0.8814814814814814,0.8452380952380952,0.8095238095238095
3,3,0.8384721583064888,0.8294117647058824,0.7021276595744681,0.7567567567567568
4,4,0.9556541019955653,0.9648473635522664,0.8823529411764706,0.8709677419354839
