,folds,test_auc,val_auc,test_acc,val_acc
0,0,0.9437500000000001,0.9244444444444444,0.825,0.8705882352941177
1,1,0.918939393939394,0.9551900170164492,0.863013698630137,0.8809523809523809
2,2,0.9676470588235294,0.8615384615384615,0.8095238095238095,0.7976190476190477
3,3,0.883110906580764,0.9220588235294118,0.7659574468085106,0.8243243243243243
4,4,0.9584257206208425,0.9764107308048104,0.9058823529411765,0.9032258064516129
