,folds,test_auc,val_auc,test_acc,val_acc
0,4,0.4983370288248336,0.4643848288621647,0.48235294117647054,0.4946236559139785
