,folds,test_auc,val_auc,test_acc,val_acc
0,0,0.45125000000000004,0.4902777777777778,0.5,0.5294117647058824
1,1,0.4890151515151515,0.4934770277935338,0.547945205479452,0.48809523809523814
2,2,0.5547058823529412,0.5581196581196581,0.5952380952380952,0.5357142857142857
3,3,0.5467096180395765,0.6088235294117648,0.5638297872340425,0.5405405405405406
4,4,0.6100332594235033,0.43200740055504155,0.5176470588235293,0.5053763440860215
