,folds,test_auc,val_auc,test_acc,val_acc
0,0,0.4759750328515617,0.41922857791661516,0.4007352941176471,0.436426116838488
1,1,0.4964251791502509,0.5783205561047421,0.4226415094339623,0.3846153846153846
2,2,0.470272429145437,0.47065631584088186,0.4219858156028369,0.4128113879003559
3,3,0.5033530589845928,0.5368438244740047,0.4020979020979021,0.40802675585284276
4,4,0.4993924117458639,0.44491075817553355,0.3864406779661017,0.39636363636363636
