,folds,test_auc,val_auc,test_acc,val_acc
0,0,0.951875,0.9233333333333333,0.8625,0.8941176470588236
1,1,0.9598484848484847,0.9727736812251844,0.8904109589041096,0.9285714285714286
2,2,0.9647058823529413,0.8131054131054132,0.8571428571428572,0.75
3,3,0.8136217211228717,0.8867647058823529,0.7021276595744681,0.8108108108108107
4,4,0.9772727272727273,0.9814986123959297,0.9294117647058824,0.946236559139785
