,folds,test_auc,val_auc,test_acc,val_acc
0,0,0.97125,0.9305555555555556,0.9,0.8588235294117648
1,1,0.9628787878787879,0.9716392512762337,0.863013698630137,0.8809523809523809
2,2,0.9617647058823529,0.8125356125356125,0.9047619047619048,0.7380952380952381
3,3,0.8614818223653936,0.9522058823529411,0.7765957446808511,0.8648648648648649
4,4,0.9639689578713968,0.9791859389454209,0.8823529411764706,0.956989247311828
