,folds,test_auc,val_auc,test_acc,val_acc
0,0,0.8112500000000001,0.788888888888889,0.7625,0.7176470588235294
1,1,0.6250000000000001,0.796369824163358,0.6027397260273972,0.7142857142857143
2,2,0.67,0.5897435897435898,0.6071428571428572,0.6071428571428572
3,3,0.6516336861481823,0.5970588235294118,0.5957446808510638,0.5675675675675675
4,4,0.7433481152993348,0.8829787234042553,0.6941176470588235,0.8279569892473118
