,folds,test_auc,val_auc,test_acc,val_acc
0,0,0.81125,0.788888889,0.7625,0.717647059
1,1,0.625,0.796369824,0.602739726,0.714285714
2,2,0.67,0.58974359,0.607142857,0.607142857
3,3,0.651633686,0.597058824,0.595744681,0.567567568
4,4,0.743348115,0.882978723,0.694117647,0.827956989
,,0.70024636,0.73100797,0.652448982,0.686920037
,,0.004623924,0.013723096,0.004317307,
