,folds,test_auc,val_auc,test_acc,val_acc
0,0,0.8800000000000001,0.8677777777777779,0.8,0.8235294117647058
1,1,0.9181818181818181,0.9580260918888259,0.7945205479452055,0.9166666666666666
2,2,0.9270588235294117,0.878062678062678,0.8333333333333334,0.8095238095238095
3,3,0.8578002761159687,0.8110294117647059,0.7765957446808511,0.7027027027027026
4,4,0.958980044345898,0.9620721554116559,0.8705882352941177,0.8709677419354839
