,folds,test_auc,val_auc,test_acc,val_acc
0,0,0.9772364544458684,0.9609484655198045,0.8958333333333334,0.8687943262411347
1,1,0.9633123023630127,0.9610919858055905,0.8807017543859649,0.8473282442748091
2,2,0.9402648670714323,0.946399257527852,0.8129251700680272,0.8450704225352113
3,3,0.9655115624617879,0.9608864096987046,0.8643533123028391,0.8754716981132076
4,4,0.9809754405005323,0.9570753509273889,0.8913043478260869,0.8621908127208481
