,folds,test_auc,val_auc,test_acc,val_acc
0,0,0.9734960899479527,0.9513822894827165,0.875,0.851063829787234
1,1,0.965494022173821,0.9643369136724876,0.8631578947368421,0.866412213740458
2,2,0.9528874823413848,0.953829694938725,0.8333333333333334,0.8415492957746479
3,3,0.9580515762805327,0.9663389605777214,0.8580441640378549,0.8867924528301887
4,4,0.983977051142855,0.9638608900991082,0.9130434782608696,0.872791519434629
