,folds,test_auc,val_auc,test_acc,val_acc
0,0,0.995,0.9488888888888889,0.9625,0.8705882352941177
1,1,0.9659090909090909,0.9750425411230856,0.904109589041096,0.9166666666666666
2,2,0.9764705882352941,0.9065527065527066,0.9047619047619048,0.7857142857142857
3,3,0.9254486884491486,0.973529411764706,0.7978723404255319,0.8648648648648649
4,4,0.9916851441241685,0.9847363552266419,0.9411764705882353,0.9139784946236559
