,folds,test_auc,val_auc,test_acc,val_acc
0,0,0.995,0.948888889,0.9625,0.870588235
1,1,0.965909091,0.975042541,0.904109589,0.916666667
2,2,0.976470588,0.906552707,0.904761905,0.785714286
3,3,0.935448688,0.973529412,0.89787234,0.864864865
4,4,0.991685144,0.984736355,0.941176471,0.913978495
,,0.972902702,,0.922084061,
,,0.000461103,0.000795193,0.000641463,
