,folds,test_auc,val_auc,test_acc,val_acc
0,0,0.990625,0.9472222222222222,0.95,0.8705882352941177
1,1,0.9613636363636364,0.949517867271696,0.863013698630137,0.8690476190476191
2,2,0.9576470588235294,0.8752136752136751,0.8928571428571429,0.7976190476190477
3,3,0.8996778647031753,0.9382352941176471,0.7765957446808511,0.8378378378378378
4,4,0.9828159645232817,0.982886216466235,0.9294117647058824,0.946236559139785
