,folds,test_auc,val_auc,test_acc,val_acc
0,0,0.97,0.9299999999999999,0.9,0.9058823529411765
1,1,0.9462121212121212,0.9319342030629609,0.8904109589041096,0.8809523809523809
2,2,0.9258823529411765,0.8415954415954416,0.8690476190476191,0.8095238095238095
3,3,0.8499769903359412,0.9073529411764706,0.7659574468085106,0.8243243243243243
4,4,0.9318181818181818,0.9782608695652173,0.8588235294117648,0.935483870967742
