,folds,test_auc,val_auc,test_acc,val_acc
0,0,0.9876700680272109,0.9744971264367815,0.9484536082474226,0.9433962264150944
1,1,0.9947712418300654,0.988985051140834,0.9270833333333334,0.9320388349514563
2,2,0.9418089816571791,0.9941520467836257,0.9469026548672567,0.9565217391304348
3,3,1.0,0.9485157699443413,0.9797979797979798,0.9032258064516129
4,4,0.9377076411960134,0.9994152046783626,0.8787878787878788,0.9759036144578314
