,folds,test_auc,test_acc
0,0,0.7061224489795918,0.7721518987341772
1,1,0.7418513689700131,0.6705882352941177
2,2,0.7169471153846153,0.75
3,3,0.6601307189542484,0.6547619047619048
4,4,0.6223516949152543,0.5934065934065934
