,folds,test_auc,test_acc
0,0,0.706122449,0.772151899
1,1,0.741851369,0.670588235
2,2,0.716947115,0.75
3,3,0.660130719,0.654761905
4,4,0.622351695,0.593406593
,,0.689480669,0.688181726
,,0.001828353,0.004256246
