,folds,test_auc,val_auc,test_acc,val_acc
0,0,1.0,0.9504048582995951,0.9787234042553191,0.8532110091743119
1,1,0.9624,0.9909733124018838,0.9299999999999999,0.9702970297029703
2,2,0.9366515837104072,0.9588293650793651,0.8737864077669903,0.9
3,3,0.9696356275303644,0.8353571428571429,0.9174311926605505,0.839622641509434
4,4,0.8871814092953523,0.8356481481481481,0.8557692307692308,0.8602150537634409
