,folds,test_auc,val_auc,test_acc,val_acc
0,0,0.463768115942029,0.5077597840755735,0.4893617021276596,0.5229357798165137
1,1,0.6344,0.57574568288854,0.5,0.5148514851485149
2,2,0.4788838612368025,0.5411706349206349,0.5048543689320388,0.5333333333333333
3,3,0.4618758434547908,0.55125,0.5229357798165137,0.5283018867924528
4,4,0.41641679160419787,0.46898148148148144,0.4423076923076923,0.5161290322580645
