,folds,test_auc,val_auc,test_acc,val_acc
0,0,0.990625,0.9316666666666666,0.9375,0.8823529411764706
1,1,0.959848484848485,0.9500850822461713,0.904109589041096,0.8809523809523809
2,2,0.9676470588235293,0.8968660968660969,0.8928571428571429,0.8095238095238095
3,3,0.9056603773584905,0.9389705882352941,0.7765957446808511,0.8378378378378378
4,4,0.9927937915742794,0.982886216466235,0.9294117647058824,0.9247311827956989
