,folds,test_auc,val_auc,test_acc,val_acc
0,0,0.993125,0.9505555555555555,0.9625,0.8941176470588236
1,1,0.9674242424242424,0.9744753261486103,0.8904109589041096,0.9166666666666666
2,2,0.9594117647058824,0.8706552706552707,0.9047619047619048,0.7738095238095238
3,3,0.9157846295444086,0.9558823529411764,0.7765957446808511,0.8648648648648649
4,4,0.9889135254988913,0.9842738205365402,0.9176470588235294,0.935483870967742
