,folds,test_auc,val_auc,test_acc,val_acc
0,0,0.92,0.9116666666666667,0.8875,0.8705882352941177
1,1,0.9272727272727272,0.9279636982416336,0.8493150684931507,0.8690476190476191
2,2,0.9705882352941175,0.8643874643874643,0.8571428571428572,0.7976190476190477
3,3,0.8766682006442706,0.8794117647058823,0.7872340425531915,0.7972972972972973
4,4,0.9828159645232816,0.9782608695652173,0.9294117647058824,0.9139784946236559
