,folds,test_auc,val_auc,test_acc,val_acc
0,0,0.92,0.911666667,0.8875,0.870588235
1,1,0.927272727,0.927963698,0.849315068,0.869047619
2,2,0.970588235,0.864387464,0.857142857,0.797619048
3,3,0.876668201,0.879411765,0.787234043,0.797297297
4,4,0.982815965,0.97826087,0.929411765,0.913978495
,,0.935469026,0.912338093,0.862120747,0.849706139
,,0.00144782,0.001594766,0.002193794,0.002080168
