,folds,test_auc,val_auc,test_acc,val_acc
0,0,0.33605072463768115,0.4821187584345479,0.4893617021276596,0.5229357798165137
1,1,0.17360000000000003,0.21487441130298277,0.5,0.5148514851485149
2,2,0.771681749622926,0.7165178571428572,0.5048543689320388,0.5333333333333333
3,3,0.3058367071524966,0.3621428571428571,0.5229357798165137,0.5283018867924528
4,4,0.29741379310344834,0.35162037037037036,0.4423076923076923,0.5161290322580645
