,folds,test_auc,val_auc,test_acc,val_acc
0,0,1.0,0.8968253968253969,0.9924812030075187,0.9847328244274809
1,1,0.9825870646766169,0.9962406015037593,0.9857142857142858,0.986013986013986
2,2,1.0,1.0,1.0,1.0
3,3,1.0,1.0,1.0,1.0
4,4,0.956043956043956,0.9992424242424243,0.9738562091503268,0.9859154929577465
