,folds,test_auc,test_acc
0,0,0.951875,0.8625
1,1,0.9598484848484847,0.8904109589041096
2,2,0.9647058823529413,0.8571428571428572
3,3,0.8136217211228717,0.7021276595744681
4,4,0.9772727272727273,0.9294117647058824
