,folds,test_auc,val_auc,test_acc,val_acc
0,0,0.8625,0.9127777777777778,0.7875,0.8352941176470589
1,1,0.8515151515151516,0.9047078842881452,0.7671232876712328,0.8214285714285714
2,2,0.9452941176470587,0.8655270655270655,0.8690476190476191,0.7857142857142857
3,3,0.8748274275195582,0.9294117647058824,0.7446808510638299,0.8378378378378378
4,4,0.9168514412416853,0.9421831637372804,0.8352941176470589,0.8494623655913979
