,folds,test_auc,val_auc,test_acc,val_acc
0,0,0.9689625850340136,0.9827586206896552,0.9072164948453608,0.9454545454545454
1,1,0.9734204793028323,0.9665286404416837,0.90625,0.908256880733945
2,2,0.9908285895003163,0.99317738791423,0.911504424778761,0.9565217391304348
3,3,1.0,0.9395744680851064,1.0,0.8556701030927836
4,4,0.9568106312292359,0.9876482213438735,0.8383838383838383,0.9333333333333333
