,folds,test_auc,val_auc,test_acc,val_acc
0,0,0.5650000000000001,0.46444444444444444,0.5,0.5294117647058824
1,1,0.5534090909090909,0.47702779353374936,0.452054794520548,0.5119047619047619
2,2,0.5017647058823529,0.4088319088319089,0.5952380952380952,0.5357142857142857
3,3,0.45421076852277964,0.47610294117647056,0.5638297872340425,0.5405405405405406
4,4,0.4800443458980045,0.49537465309898243,0.48235294117647054,0.4946236559139785
