,folds,test_auc,val_auc,test_acc,val_acc
0,0,0.7962499999999999,0.9205555555555556,0.65,0.8705882352941177
1,1,0.9159090909090909,0.9342030629608622,0.7945205479452055,0.8690476190476191
2,2,0.94,0.8598290598290599,0.8571428571428572,0.8095238095238095
3,3,0.8596410492406811,0.8904411764705882,0.7659574468085106,0.8243243243243243
4,4,0.9318181818181818,0.9477335800185014,0.8470588235294118,0.8494623655913979
