,folds,test_auc,test_acc
0,0,0.7251700680272108,0.6329113924050633
1,1,0.7327249022164276,0.7294117647058824
2,2,0.7752403846153846,0.7261904761904762
3,3,0.7058823529411764,0.6785714285714286
4,4,0.7632415254237288,0.6923076923076923
