,folds,test_auc,val_auc,test_acc,val_acc
0,0,0.5840136054421768,0.5356824264049956,0.620253164556962,0.6082474226804124
1,1,0.4569752281616689,0.4359788359788359,0.6941176470588235,0.6067415730337078
2,2,0.4636418269230769,0.4858288770053476,0.6190476190476191,0.6179775280898876
3,3,0.4836601307189542,0.4405615292712068,0.6071428571428572,0.6352941176470588
4,4,0.5185381355932203,0.5342330480579329,0.6483516483516483,0.6125
