,folds,test_auc,val_auc,test_acc,val_acc
0,0,0.9893707482993197,0.9887267904509284,0.9072164948453608,0.9818181818181818
1,1,0.9991285403050109,0.9882677708764664,0.9479166666666666,0.9357798165137614
2,2,0.9949399114484504,0.996588693957115,0.9557522123893806,0.9782608695652174
3,3,1.0,0.9370212765957446,0.99,0.865979381443299
4,4,0.946843853820598,0.9975296442687747,0.8787878787878788,0.9666666666666667
