,folds,test_auc,val_auc,test_acc,val_acc
0,0,0.6868749999999999,0.6005555555555555,0.5,0.5294117647058824
1,1,0.5515151515151515,0.7376630743051616,0.452054794520548,0.5119047619047619
2,2,0.5494117647058824,0.5680911680911681,0.5952380952380952,0.5357142857142857
3,3,0.5409572020248504,0.5488970588235293,0.5638297872340425,0.5405405405405406
4,4,0.643569844789357,0.7756706753006476,0.5176470588235293,0.5053763440860215
