,folds,test_auc,val_auc,test_acc,val_acc
0,0,0.743125,0.848888888888889,0.6625,0.7529411764705882
1,1,0.7522727272727273,0.831537152580828,0.726027397260274,0.7738095238095238
2,2,0.8847058823529411,0.762962962962963,0.8095238095238095,0.6904761904761905
3,3,0.6635987114588127,0.7470588235294118,0.6063829787234043,0.6756756756756757
4,4,0.8264966740576496,0.8820536540240518,0.7647058823529411,0.8064516129032258
