,folds,test_auc,val_auc,test_acc,val_acc
0,0,0.5,0.5,0.45296167247386765,0.3794326241134752
1,1,0.5,0.5,0.4035087719298246,0.4007633587786259
2,2,0.5,0.5,0.37755102040816324,0.4295774647887324
3,3,0.5,0.5,0.3817034700315457,0.3886792452830189
4,4,0.49292929292929294,0.49835192697768765,0.39492753623188404,0.39575971731448767
