,folds,test_auc,val_auc,test_acc,val_acc
0,0,0.87375,0.8883333333333333,0.775,0.8
1,1,0.8893939393939394,0.9330686330119115,0.8356164383561644,0.8809523809523809
2,2,0.7382352941176471,0.6233618233618233,0.7142857142857143,0.6190476190476191
3,3,0.8076392084675563,0.8764705882352941,0.7127659574468085,0.7702702702702703
4,4,0.9512195121951219,0.9666975023126734,0.8352941176470589,0.8817204301075269
