,folds,test_auc,val_auc,test_acc,val_acc
0,0,0.87375,0.888333333,0.775,0.8
1,1,0.889393939,0.933068633,0.835616438,0.880952381
2,2,0.738235294,0.623361823,0.714285714,0.619047619
3,3,0.807639208,0.876470588,0.712765957,0.77027027
4,4,0.951219512,0.966697502,0.835294118,0.88172043
,,0.852047591,0.857586376,0.774592446,0.79039814
,,0.005325232,0.014753188,0.002973641,0.009279632
