,folds,test_auc,val_auc,test_acc,val_acc
0,0,0.888125,0.9061111111111111,0.775,0.8470588235294118
1,1,0.8613636363636363,0.9154849688031763,0.7808219178082192,0.7857142857142857
2,2,0.9335294117647059,0.8729344729344729,0.8333333333333334,0.7976190476190477
3,3,0.8840312931431201,0.9014705882352941,0.7765957446808511,0.7837837837837838
4,4,0.9318181818181819,0.9366327474560592,0.8235294117647058,0.8494623655913979
