,folds,test_auc,val_auc,test_acc,val_acc
0,0,0.6625850340136055,0.7899197145405888,0.6075949367088608,0.7628865979381443
1,1,0.8617992177314211,0.8296296296296297,0.7647058823529411,0.7303370786516854
2,2,0.8864182692307692,0.8737967914438503,0.8690476190476191,0.8202247191011236
3,3,0.7498514557338086,0.6660692951015532,0.7261904761904762,0.6823529411764706
4,4,0.7484110169491525,0.8722843976300197,0.6483516483516483,0.8
