,folds,test_auc,val_auc,test_acc,val_acc
0,4,0.7786016949152542,0.9098090849242922,0.7252747252747253,0.825
