,folds,test_auc,val_auc,test_acc,val_acc
0,0,0.5061489465948065,0.5035514018691588,0.3972125435540069,0.4113475177304965
1,1,0.5222449854470793,0.5597883015352056,0.43157894736842106,0.42366412213740456
2,2,0.5666303325022869,0.5605077432085829,0.435374149659864,0.3838028169014085
3,3,0.42988010448128894,0.45787146300424664,0.362776025236593,0.3735849056603774
4,4,0.5335865289060718,0.540011312222859,0.44202898550724634,0.42402826855123676
