,folds,test_auc,val_auc,test_acc,val_acc
0,4,0.7838983050847458,0.9308755760368663,0.6813186813186813,0.8625
