,folds,test_auc,val_auc,test_acc,val_acc
0,0,0.99125,0.9483333333333334,0.9625,0.8941176470588236
1,1,0.9696969696969697,0.9648326715825298,0.904109589041096,0.9047619047619048
2,2,0.9635294117647059,0.8797720797720797,0.8690476190476191,0.7738095238095238
3,3,0.9240681086056144,0.9720588235294119,0.8297872340425532,0.9054054054054054
4,4,0.9850332594235033,0.9851988899167439,0.9294117647058824,0.935483870967742
