,folds,test_auc,val_auc,test_acc,val_acc
0,0,0.5,0.5,0.4893617021276596,0.5229357798165137
1,1,0.42,0.4676216640502355,0.5,0.5148514851485149
2,2,0.24415535444947212,0.3258928571428572,0.5048543689320388,0.5333333333333333
3,3,0.5200742240215924,0.4932142857142857,0.5229357798165137,0.5283018867924528
4,4,0.6999625187406296,0.6513888888888889,0.4423076923076923,0.5161290322580645
