,folds,test_auc,val_auc,test_acc,val_acc
0,0,0.5319990111132894,0.565667960605006,0.45296167247386765,0.3794326241134752
1,1,0.5076176642768665,0.5319403131160323,0.43157894736842106,0.41984732824427484
2,2,0.5230468566530179,0.5537763497894528,0.37755102040816324,0.4295774647887324
3,3,0.49379225999941184,0.5066105506214917,0.43217665615141954,0.4339622641509434
4,4,0.5716950624020977,0.4680813888333302,0.39492753623188404,0.39575971731448767
