,folds,test_auc,val_auc,test_acc,val_acc
0,0,0.5321875,0.4661111111111112,0.5,0.5294117647058824
1,1,0.5481060606060606,0.6806579693703914,0.452054794520548,0.5119047619047619
2,2,0.523235294117647,0.4592592592592592,0.5952380952380952,0.5357142857142857
3,3,0.5821445006902899,0.45514705882352946,0.5638297872340425,0.5405405405405406
4,4,0.5889689578713969,0.7210915818686402,0.5176470588235293,0.5053763440860215
