,folds,test_auc,test_acc
0,0,0.43333333333333335,0.9774436090225564
1,1,0.5634328358208955,0.9571428571428572
2,2,0.34079601990049746,0.9178082191780822
3,3,0.3652676399026764,0.9194630872483222
4,4,0.4582417582417582,0.9150326797385621
