,folds,test_auc,val_auc,test_acc,val_acc
0,0,0.5591836734693878,0.6966993755575379,0.5569620253164558,0.6907216494845361
1,1,0.7907431551499348,0.7952380952380953,0.7411764705882353,0.6853932584269663
2,2,0.84375,0.8401069518716577,0.7857142857142857,0.797752808988764
3,3,0.8146167557932265,0.7186379928315412,0.75,0.6470588235294117
4,4,0.6816737288135593,0.881500987491771,0.6043956043956045,0.7625
