,folds,test_auc,val_auc,test_acc,val_acc
0,0,0.9239130434782609,0.7989203778677463,0.8617021276595744,0.7339449541284404
1,1,0.7804,0.8826530612244898,0.72,0.8217821782178218
2,2,0.9015837104072398,0.9002976190476191,0.8446601941747574,0.8666666666666667
3,3,0.8346828609986504,0.8103571428571428,0.7706422018348624,0.7735849056603774
4,4,0.772488755622189,0.7347222222222222,0.6730769230769231,0.6666666666666667
