,folds,test_auc,val_auc,test_acc,val_acc
0,0,0.92375,0.9133333333333333,0.85,0.8705882352941177
1,1,0.925,0.9313669880884855,0.8356164383561644,0.8214285714285714
2,2,0.9435294117647058,0.7943019943019943,0.8690476190476191,0.7142857142857143
3,3,0.8890934192360791,0.8941176470588235,0.7978723404255319,0.8378378378378378
4,4,0.9839246119733924,0.9754856614246068,0.9411764705882353,0.9247311827956989
