,folds,test_auc,val_auc,test_acc,val_acc
0,0,0.9875,0.933333333,0.9375,0.882352941
1,1,0.970454545,0.973340896,0.931506849,0.904761905
2,2,0.973529412,0.896296296,0.892857143,0.80952381
3,3,0.919926369,0.974264706,0.819148936,0.891891892
4,4,0.992793792,0.986123959,0.929411765,0.935483871
,,0.9688 ,0.9527 ,0.9021 ,0.8848 
,,0.0007 ,0.0011 ,0.0020 ,0.0017 
