,folds,test_auc,val_auc,test_acc,val_acc
0,0,0.9875,0.9333333333333333,0.9375,0.8823529411764706
1,1,0.9704545454545455,0.9733408961996597,0.9315068493150684,0.9047619047619048
2,2,0.9735294117647059,0.8962962962962963,0.8928571428571429,0.8095238095238095
3,3,0.9199263690750116,0.974264705882353,0.8191489361702128,0.8918918918918919
4,4,0.9927937915742794,0.9861239592969473,0.9294117647058824,0.935483870967742
