,folds,test_auc,val_auc,test_acc,val_acc
0,0,0.953125,0.925,0.875,0.8941176470588236
1,1,0.9431818181818182,0.9512195121951219,0.863013698630137,0.9166666666666666
2,2,0.8894117647058823,0.7270655270655271,0.7857142857142857,0.6785714285714286
3,3,0.8536585365853658,0.8867647058823529,0.7021276595744681,0.7972972972972973
4,4,0.9584257206208426,0.9666975023126734,0.8823529411764706,0.9032258064516129
