,folds,test_auc,val_auc,test_acc,val_acc
0,0,0.953125,0.925,0.875,0.894117647
1,1,0.943181818,0.951219512,0.863013699,0.916666667
2,2,0.889411765,0.727065527,0.785714286,0.678571429
3,3,0.853658537,0.886764706,0.70212766,0.797297297
4,4,0.958425721,0.966697502,0.882352941,0.903225806
,,0.919560568,0.891349449,0.821641717,0.837975769
,,0.001689413,0.007480868,0.004763798,0.008133243
