,folds,test_auc,val_auc,test_acc,val_acc
0,0,0.5049562325363921,0.4793992174834088,0.4007352941176471,0.436426116838488
1,1,0.5033821963744848,0.5968403891057023,0.4226415094339623,0.3846153846153846
2,2,0.5377682885451356,0.5499145189106361,0.4219858156028369,0.4128113879003559
3,3,0.5095090387963829,0.5021227320930047,0.41608391608391604,0.3913043478260869
4,4,0.5198570290812601,0.4974122612069965,0.43050847457627117,0.4509090909090909
