,folds,test_auc,val_auc,test_acc,val_acc
0,0,0.5328125,0.4644444444444445,0.5,0.5294117647058824
1,1,0.5484848484848485,0.681792399319342,0.452054794520548,0.5119047619047619
2,2,0.9641176470588235,0.8837606837606838,0.8928571428571429,0.7976190476190477
3,3,0.9038196042337782,0.9279411764705883,0.7659574468085106,0.8378378378378378
4,4,0.5889689578713969,0.7185476410730806,0.5176470588235293,0.5053763440860215
