,folds,test_auc,val_auc,test_acc,val_acc
0,0,0.8006249999999999,0.8250000000000001,0.7125,0.7529411764705882
1,1,0.871969696969697,0.923425978445831,0.7945205479452055,0.8690476190476191
2,2,0.8317647058823529,0.7207977207977209,0.7380952380952381,0.6904761904761905
3,3,0.7519558214450068,0.8036764705882353,0.6914893617021276,0.7297297297297297
4,4,0.815410199556541,0.9324699352451433,0.788235294117647,0.8817204301075269
