,folds,test_auc,val_auc,test_acc,val_acc
0,0,0.720625,0.7458333333333332,0.5,0.5294117647058824
1,1,0.625378787878788,0.8482699943278503,0.452054794520548,0.5119047619047619
2,2,0.6697058823529412,0.6404558404558405,0.5952380952380952,0.5357142857142857
3,3,0.6486424298205246,0.6176470588235294,0.5638297872340425,0.5405405405405406
4,4,0.6848669623059866,0.8061979648473635,0.5176470588235293,0.5053763440860215
