,folds,test_auc,test_acc
0,0,0.7251700680272108,0.7848101265822784
1,1,0.8292046936114733,0.7764705882352941
2,2,0.7139423076923077,0.7619047619047619
3,3,0.6726084373143196,0.6666666666666667
4,4,0.6986228813559322,0.6593406593406593
