,folds,test_auc,val_auc,test_acc,val_acc
0,0,0.9936594202898551,0.9406207827260459,0.9468085106382979,0.8623853211009174
1,1,0.9772,0.978414442700157,0.89,0.9306930693069306
2,2,0.9351432880844646,0.9528769841269842,0.8640776699029127,0.8555555555555556
3,3,0.8670715249662617,0.8592857142857142,0.7155963302752293,0.7735849056603774
4,4,0.8275862068965518,0.8703703703703702,0.8461538461538461,0.7956989247311828
