,folds,test_auc,val_auc,test_acc,val_acc
0,0,0.9604591836734694,0.9816810344827587,0.9381443298969072,0.9245283018867925
1,1,0.9729847494553376,0.980330448465775,0.9270833333333334,0.9223300970873787
2,2,0.9604680581910183,0.9946393762183237,0.9292035398230089,0.9565217391304348
3,3,0.9987725040916531,0.9397031539888682,0.9696969696969697,0.8387096774193549
4,4,0.9318936877076411,0.9748538011695906,0.8484848484848485,0.8795180722891567
