,folds,test_auc,val_auc,test_acc,val_acc
0,0,0.5296875,0.4647222222222222,0.5,0.5294117647058824
1,1,0.5450757575757575,0.6812251843448667,0.452054794520548,0.5119047619047619
2,2,0.523235294117647,0.4598290598290598,0.5952380952380952,0.5357142857142857
3,3,0.5846755637367694,0.45477941176470593,0.5638297872340425,0.5405405405405406
4,4,0.5881374722838137,0.7201665124884367,0.5176470588235293,0.5053763440860215
