,folds,test_auc,val_auc,test_acc,val_acc
0,0,0.931875,0.9127777777777778,0.8625,0.8352941176470589
1,1,0.9181818181818182,0.9364719228587635,0.8767123287671232,0.8809523809523809
2,2,0.6900000000000001,0.6034188034188035,0.6428571428571428,0.6071428571428572
3,3,0.7938334100322135,0.8308823529411764,0.7234042553191489,0.7567567567567568
4,4,0.9650776053215078,0.9588344125809436,0.8588235294117648,0.935483870967742
