,folds,test_auc,test_acc
0,0,0.8800000000000001,0.8
1,1,0.9181818181818181,0.7945205479452055
2,2,0.9270588235294117,0.8333333333333334
3,3,0.8578002761159687,0.7765957446808511
4,4,0.958980044345898,0.8705882352941177
