,folds,test_auc,val_auc,test_acc,val_acc
0,0,0.9727891156462586,0.9930371352785146,0.9175257731958762,0.9545454545454546
1,1,0.9986928104575163,0.9837819185645273,0.9479166666666666,0.8990825688073394
2,2,0.9908285895003163,0.9985380116959065,0.9292035398230089,0.967391304347826
3,3,0.9955929487179487,0.9663829787234042,0.99,0.865979381443299
4,4,0.9318936877076412,0.9767786561264822,0.9090909090909091,0.9333333333333333
