,folds,test_auc,test_acc
0,0,0.9839506172839506,0.9710144927536232
1,1,0.9964912280701754,0.9701492537313433
2,2,1.0,0.9841269841269842
3,3,1.0,0.9661016949152542
4,4,1.0,1.0
