,folds,test_auc,val_auc,test_acc,val_acc
0,0,0.967032967032967,0.9903846153846154,0.9259259259259259,0.9655172413793104
1,1,0.9757575757575758,0.9916666666666667,0.9230769230769231,0.967741935483871
2,2,0.9948717948717949,1.0,0.9285714285714286,1.0
3,3,0.9166666666666667,1.0,0.8387096774193549,1.0
4,4,0.9696969696969697,1.0,0.9565217391304348,0.9615384615384616
