,folds,test_auc,val_auc,test_acc,val_acc
0,0,0.9591836734693877,0.9817639257294429,0.9278350515463918,0.9363636363636364
1,1,0.987363834422658,0.961352657004831,0.9166666666666666,0.8990825688073394
2,2,0.9819734345351043,0.9936647173489279,0.9203539823008849,0.9565217391304348
3,3,0.9803685897435896,0.8834042553191489,0.96,0.8350515463917526
4,4,0.8450996677740863,0.9530632411067192,0.8181818181818181,0.8666666666666667
