,folds,test_auc,val_auc,test_acc,val_acc
0,0,0.8292572463768115,0.6982118758434548,0.4893617021276596,0.5229357798165137
1,1,0.16440000000000002,0.20918367346938777,0.5,0.5148514851485149
2,2,0.5460030165912519,0.6512896825396826,0.5048543689320388,0.5333333333333333
3,3,0.5430161943319838,0.625,0.5229357798165137,0.5283018867924528
4,4,0.31240629685157423,0.3592592592592593,0.4423076923076923,0.5161290322580645
