slide_id,Y,Y_hat,p_0,p_1
TCGA-AA-3509-01A-01-TS1,1.0,1.0,0.26374322175979614,0.7362567782402039
TCGA-A6-2675-11A-01-TS1,0.0,0.0,0.7553774118423462,0.24462255835533142
TCGA-AA-3489-01A-02-BS2,1.0,1.0,0.1336834877729416,0.866316556930542
