slide_id,Y,Y_hat,p_0,p_1
TCGA-A6-4107-01A-01-BS1,1.0,1.0,0.017052030190825462,0.9829480051994324
TCGA-A6-4107-11A-01-BS1,0.0,1.0,0.17134301364421844,0.8286569714546204
TCGA-A6-2676-11A-01-TS1,0.0,0.0,0.6458574533462524,0.35414251685142517
TCGA-A6-4107-11A-01-TS1,0.0,1.0,0.039402883499860764,0.9605970978736877
TCGA-A6-5656-01A-01-BS1,1.0,1.0,0.024090316146612167,0.9759096503257751
