slide_id,Y,Y_hat,p_0,p_1
TCGA-A6-3810-11A-01-BS1,0.0,0.0,0.9999344348907471,6.559155735885724e-05
TCGA-A6-3810-11A-01-TS1,0.0,0.0,0.9733061194419861,0.026693930849432945
TCGA-A6-5657-01A-01-TS1,1.0,0.0,0.51230788230896,0.48769211769104004
TCGA-A6-2679-11A-01-TS1,0.0,0.0,0.9991523027420044,0.000847674033138901
TCGA-A6-3810-01A-01-BS1,1.0,1.0,0.0008422465762123466,0.9991577863693237
