slide_id,Y,Y_hat,p_0,p_1
TCGA-A6-2683-11A-01-TS1,0.0,0.0,0.9538889527320862,0.046111077070236206
TCGA-AA-3510-01A-01-TS1,1.0,1.0,0.0013051970163360238,0.9986948370933533
TCGA-A6-5656-01A-01-BS1,1.0,1.0,0.0025662502739578485,0.9974337220191956
