slide_id,Y,Y_hat,p_0,p_1
TCGA-AA-3492-01A-01-TS1,1.0,0.0,0.9011715054512024,0.0988285094499588
TCGA-A6-2676-11A-01-TS1,0.0,0.0,0.9182148575782776,0.08178509771823883
TCGA-A6-2677-11A-01-TS1,0.0,1.0,0.06836075335741043,0.9316391944885254
TCGA-A6-2677-01A-01-BS1,1.0,1.0,0.001185730448924005,0.9988143444061279
