slide_id,Y,Y_hat,p_0,p_1
TCGA-A6-2680-11A-01-TS1,0.0,0.0,0.9986987113952637,0.0013013051357120275
TCGA-AA-3489-01A-02-BS2,1.0,1.0,0.00017009851580951363,0.999829888343811
TCGA-A6-5656-01A-01-BS1,1.0,1.0,0.002709074644371867,0.9972909092903137
