slide_id,Y,Y_hat,p_0,p_1
TCGA-AA-3492-01A-01-TS1,1.0,0.0,0.9626469016075134,0.03735312446951866
TCGA-AA-3510-01A-01-TS1,1.0,1.0,0.33790045976638794,0.6620995402336121
TCGA-A6-2675-11A-01-TS1,0.0,0.0,0.9950267672538757,0.004973257426172495
