slide_id,Y,Y_hat,p_0,p_1
TCGA-A6-5661-01A-01-BS1,1.0,1.0,0.009060794487595558,0.9909392595291138
TCGA-A6-5666-01A-01-TS1,1.0,1.0,0.0009002292645163834,0.999099850654602
TCGA-A6-2678-11A-01-TS1,0.0,0.0,0.9997237324714661,0.0002762590011116117
