slide_id,Y,Y_hat,p_0,p_1
TCGA-A6-2680-11A-01-TS1,0.0,1.0,0.014172825030982494,0.9858270883560181
TCGA-A6-2677-11A-01-TS1,0.0,0.0,0.9993840456008911,0.0006159108015708625
TCGA-A6-2681-11A-01-TS1,0.0,0.0,0.9836333394050598,0.01636662147939205
TCGA-A6-2681-01A-01-BS1,1.0,1.0,0.014102677814662457,0.9858973026275635
TCGA-A6-2677-01A-01-BS1,1.0,1.0,0.0013319344725459814,0.9986680746078491
