slide_id,Y,Y_hat,p_0,p_1
TCGA-A6-5666-01A-01-TS1,1.0,1.0,0.4044281244277954,0.5955718159675598
TCGA-A6-2672-11A-01-TS1,0.0,0.0,0.5639776587486267,0.4360223114490509
TCGA-A6-2675-11A-01-TS1,0.0,0.0,0.5624071955680847,0.4375928044319153
TCGA-A6-2672-01A-01-BS1,1.0,1.0,0.3776895999908447,0.6223103404045105
