,folds,test_auc,test_acc
0,0,0.967032967032967,0.9259259259259259
1,1,0.9757575757575758,0.9230769230769231
2,2,0.9948717948717949,0.9285714285714286
3,3,0.9166666666666667,0.8387096774193549
4,4,0.9696969696969697,0.9565217391304348
