,folds,test_auc,val_auc,test_acc,val_acc
0,0,0.9795918367346939,0.993368700265252,0.9072164948453608,0.9727272727272728
1,1,0.9934640522875817,0.9582470669427191,0.90625,0.8899082568807339
2,2,0.9946236559139785,0.996588693957115,0.9380530973451328,0.9565217391304348
3,3,1.0,0.9055319148936171,1.0,0.8350515463917526
4,4,0.9439368770764119,0.9772727272727273,0.8686868686868687,0.9222222222222223
