,folds,test_auc,val_auc,test_acc,val_acc
0,0,0.983843537414966,0.9887267904509285,0.9072164948453608,0.9636363636363636
1,1,0.999128540305011,0.9824016563146998,0.96875,0.908256880733945
2,2,0.9955724225173941,0.9980506822612085,0.9469026548672567,0.967391304347826
3,3,1.0,0.9565957446808511,1.0,0.8762886597938144
4,4,0.9493355481727574,0.9930830039525692,0.898989898989899,0.9333333333333333
