,folds,test_auc,val_auc,test_acc,val_acc
0,4,0.9451827242524917,0.9787549407114625,0.8888888888888888,0.9222222222222223
