,folds,test_auc,val_auc,test_acc,val_acc
0,0,0.975,0.916111111,0.9125,0.870588235
1,1,0.960606061,0.947816222,0.863013699,0.880952381
2,2,0.962941176,0.888888889,0.892857143,0.797619048
3,3,0.891394386,0.933088235,0.776595745,0.864864865
4,4,0.989467849,0.985661425,0.917647059,0.935483871
,,0.9559 ,0.9343 ,0.8725 ,0.8699 
,,0.0010 ,0.0009 ,0.0022 ,0.0016 
