,folds,test_auc,val_auc,test_acc,val_acc
0,0,0.975,0.9161111111111111,0.9125,0.8705882352941177
1,1,0.9606060606060607,0.94781622234827,0.863013698630137,0.8809523809523809
2,2,0.9629411764705882,0.8888888888888888,0.8928571428571429,0.7976190476190477
3,3,0.8913943856419697,0.9330882352941177,0.7765957446808511,0.8648648648648649
4,4,0.9894678492239468,0.9856614246068456,0.9176470588235294,0.935483870967742
