,folds,test_auc,val_auc,test_acc,val_acc
0,0,0.638095238095238,0.8050847457627119,0.5822784810126582,0.8144329896907216
1,1,0.5573663624511082,0.6132275132275131,0.6705882352941177,0.651685393258427
2,2,0.8846153846153846,0.8727272727272727,0.7976190476190477,0.7640449438202247
3,3,0.5686274509803922,0.7419354838709677,0.6428571428571428,0.6823529411764706
4,4,0.809322033898305,0.880842659644503,0.7032967032967032,0.7875
