,folds,test_auc,val_auc,test_acc,val_acc
0,0,0.638095238,0.805084746,0.582278481,0.81443299
1,1,0.557366362,0.613227513,0.670588235,0.651685393
2,2,0.884615385,0.872727273,0.797619048,0.764044944
3,3,0.568627451,0.741935484,0.642857143,0.682352941
4,4,0.809322034,0.88084266,0.703296703,0.7875
,,0.691605294,0.782763535,0.679327922,0.740003254
,,0.017423419,0.009724124,0.005078477,0.003899466
