,folds,test_auc,val_auc,test_acc,val_acc
0,0,0.43333333333333335,0.6801587301587302,0.9774436090225564,0.9618320610687023
1,1,0.5634328358208955,0.6642857142857143,0.9571428571428572,0.9300699300699301
2,2,0.34079601990049746,0.4511154855643044,0.9178082191780822,0.9136690647482014
3,3,0.3652676399026764,0.38503649635036497,0.9194630872483222,0.9194630872483222
4,4,0.4582417582417582,0.5681818181818181,0.9150326797385621,0.9295774647887324
