,folds,test_auc,val_auc,test_acc,val_acc
0,0,0.4941717553933633,0.548165960885214,0.3972125435540069,0.4113475177304965
1,1,0.544177183900251,0.5338864201804648,0.4035087719298246,0.4007633587786259
2,2,0.5274883658228975,0.5786873450279023,0.435374149659864,0.3838028169014085
3,3,0.49950494954918634,0.5236671059140755,0.3817034700315457,0.3886792452830189
4,4,0.560546278960008,0.4560001854356104,0.39492753623188404,0.39575971731448767
