,folds,test_auc,val_auc,test_acc,val_acc
0,0,0.5314864554630264,0.5526448649452621,0.4638157894736842,0.3946488294314381
1,1,0.5263435421303287,0.5334765985282118,0.44771241830065356,0.4379310344827586
2,2,0.4904669331771052,0.5718912314217808,0.4426751592356688,0.40327868852459015
3,3,0.4908045468252858,0.516798567153884,0.44082840236686394,0.45833333333333337
4,4,0.5245509494143964,0.5131015002052179,0.4511784511784511,0.44694533762057875
