,folds,test_auc,val_auc,test_acc,val_acc
0,0,0.9685374149659862,0.995026525198939,0.9175257731958762,0.9727272727272728
1,1,0.9978213507625272,0.9723947550034506,0.9375,0.8807339449541285
2,2,0.99146110056926,0.9975633528265107,0.9380530973451328,0.967391304347826
3,3,1.0,0.9140425531914892,1.0,0.845360824742268
4,4,0.9472591362126245,0.9812252964426877,0.8686868686868687,0.9111111111111111
