,folds,test_auc,val_auc,test_acc,val_acc
0,0,0.93625,0.908888888888889,0.85,0.9058823529411765
1,1,0.9492424242424242,0.9523539421440727,0.8767123287671232,0.8809523809523809
2,2,0.943529411764706,0.8142450142450144,0.8690476190476191,0.7857142857142857
3,3,0.825126553152324,0.8073529411764706,0.7446808510638299,0.7027027027027026
4,4,0.975609756097561,0.9824236817761332,0.8823529411764706,0.946236559139785
