,folds,test_auc,val_auc,test_acc,val_acc
0,0,0.78,0.8427777777777777,0.6625,0.8117647058823529
1,1,0.8734848484848484,0.8939307997731142,0.7808219178082192,0.8333333333333334
2,2,0.6829411764705883,0.5897435897435898,0.6666666666666667,0.5714285714285714
3,3,0.7579383341003222,0.7794117647058822,0.7340425531914894,0.6756756756756757
4,4,0.7760532150776052,0.9028677150786308,0.7176470588235294,0.8602150537634409
