,folds,test_auc,val_auc,test_acc,val_acc
0,0,0.78,0.842777778,0.6625,0.811764706
1,1,0.873484848,0.8939308,0.780821918,0.833333333
2,2,0.682941176,0.58974359,0.666666667,0.571428571
3,3,0.757938334,0.779411765,0.734042553,0.675675676
4,4,0.776053215,0.902867715,0.717647059,0.860215054
,,0.774083515,0.801746329,0.712335639,0.750483468
,,0.00369742,0.013170217,0.001951804,0.012063475
