,folds,test_auc,val_auc,test_acc,val_acc
0,0,0.9608843537414966,0.9662356321839081,0.9278350515463918,0.8962264150943396
1,1,0.9261437908496731,0.9830841856805665,0.90625,0.9320388349514563
2,2,0.9427577482605946,0.9912280701754386,0.911504424778761,0.9347826086956522
3,3,1.0,0.9489795918367346,0.98989898989899,0.8494623655913979
4,4,0.9460132890365448,0.9871345029239766,0.8686868686868687,0.9397590361445783
