,folds,test_auc,test_acc
0,0,0.931875,0.85
1,1,0.940151515,0.835616438
2,2,0.97,0.880952381
3,3,0.87804878,0.787234043
4,4,0.958980044,0.882352941
,,0.935811068,0.001222577
