,folds,test_auc,test_acc
0,0,0.931875,0.85
1,1,0.9401515151515151,0.8356164383561644
2,2,0.97,0.8809523809523809
3,3,0.8780487804878049,0.7872340425531915
4,4,0.958980044345898,0.8823529411764706
