,folds,test_auc,val_auc,test_acc,val_acc
0,0,0.5159374999999999,0.48777777777777775,0.5,0.5294117647058824
1,1,0.43333333333333324,0.3545093590470788,0.452054794520548,0.5119047619047619
2,2,0.37529411764705883,0.5062678062678062,0.5952380952380952,0.5357142857142857
3,3,0.5023009664058904,0.4797794117647059,0.5638297872340425,0.5405405405405406
4,4,0.4684035476718404,0.4951433857539315,0.5176470588235293,0.5053763440860215
