,folds,test_auc,val_auc,test_acc,val_acc
0,0,0.9275,0.9116666666666666,0.8625,0.8470588235294118
1,1,0.9469696969696968,0.9631310266591038,0.863013698630137,0.8928571428571429
2,2,0.9558823529411765,0.886039886039886,0.8809523809523809,0.8214285714285714
3,3,0.8877128393925449,0.9125000000000001,0.7553191489361702,0.8648648648648649
4,4,0.9667405764966741,0.9796484736355227,0.9176470588235294,0.935483870967742
