,folds,test_auc,val_auc,test_acc,val_acc
0,0,0.9823369565217391,0.9153171390013495,0.925531914893617,0.8256880733944953
1,1,0.9563999999999999,0.9701726844583988,0.9,0.900990099009901
2,2,0.9249622926093515,0.9454365079365079,0.912621359223301,0.8555555555555556
3,3,0.9402834008097166,0.8039285714285714,0.8532110091743119,0.8490566037735849
4,4,0.8594452773613195,0.8486111111111111,0.7980769230769231,0.8387096774193549
