,folds,test_auc,val_auc,test_acc,val_acc
0,0,0.905,0.895,0.7875,0.7764705882352941
1,1,0.9378787878787879,0.946114577424844,0.8356164383561644,0.8809523809523809
2,2,0.9817647058823529,0.9054131054131054,0.9285714285714286,0.8214285714285714
3,3,0.849516797054763,0.9286764705882353,0.7340425531914894,0.8378378378378378
4,4,0.9611973392461197,0.9898242368177613,0.8823529411764706,0.946236559139785
