,folds,test_auc,val_auc,test_acc,val_acc
0,0,0.939375,0.9344444444444444,0.8375,0.8470588235294118
1,1,0.9371212121212121,0.94781622234827,0.8493150684931507,0.8928571428571429
2,2,0.9582352941176471,0.7823361823361823,0.8809523809523809,0.7261904761904762
3,3,0.8476760239300507,0.861764705882353,0.7234042553191489,0.7837837837837838
4,4,0.9656319290465631,0.973172987974098,0.8941176470588236,0.9139784946236559
