,folds,test_auc,val_auc,test_acc,val_acc
0,0,0.9331250000000001,0.9122222222222222,0.875,0.8352941176470589
1,1,0.9553030303030303,0.9478162223482701,0.8767123287671232,0.8928571428571429
2,2,0.9629411764705883,0.8524216524216524,0.8928571428571429,0.7619047619047619
3,3,0.8854118729866545,0.9227941176470589,0.7978723404255319,0.8513513513513513
4,4,0.9761640798226163,0.9814986123959297,0.9411764705882353,0.9139784946236559
