,folds,test_auc,val_auc,test_acc,val_acc
0,0,0.506194435993645,0.49952958579330464,0.45296167247386765,0.3794326241134752
1,1,0.5017778018346362,0.4978768577494692,0.4035087719298246,0.4007633587786259
2,2,0.5045996782507375,0.5004432469147296,0.435374149659864,0.3838028169014085
3,3,0.49559369202226344,0.489282432378441,0.43217665615141954,0.4339622641509434
4,4,0.48722799552711393,0.4980302051299528,0.44202898550724634,0.42402826855123676
