,folds,test_auc,val_auc,test_acc,val_acc
0,0,0.9808673469387755,0.9940318302387268,0.9278350515463918,0.9818181818181818
1,1,0.999128540305011,0.9755003450655625,0.9583333333333334,0.8899082568807339
2,2,0.997786211258697,0.9970760233918128,0.9734513274336283,0.9891304347826086
3,3,1.0,0.9353191489361702,0.98,0.8865979381443299
4,4,0.9401993355481728,0.9965415019762847,0.8585858585858586,0.9666666666666667
