,folds,test_auc,val_auc,test_acc,val_acc
0,0,0.914375,0.8944444444444445,0.85,0.8470588235294118
1,1,0.8848484848484848,0.918321043675553,0.8356164383561644,0.8214285714285714
2,2,0.7029411764705884,0.6170940170940171,0.6666666666666667,0.5952380952380952
3,3,0.6866083755177175,0.6095588235294118,0.6170212765957447,0.5810810810810811
4,4,0.95509977827051,0.9569842738205365,0.8588235294117648,0.8709677419354839
