,folds,test_auc,val_auc,test_acc,val_acc
0,0,0.5583995329326861,0.5860809793916814,0.48083623693379796,0.3829787234042553
1,1,0.5222449854470793,0.5597883015352056,0.4035087719298246,0.40458015267175573
2,2,0.5682251070030084,0.5655961957604707,0.37414965986394555,0.43309859154929575
3,3,0.5831874946579051,0.551241101303062,0.44164037854889593,0.45660377358490567
4,4,0.5909214004473928,0.5649347318831208,0.3840579710144928,0.4204946996466431
