,folds,test_auc,val_auc,test_acc,val_acc
0,0,0.9746376811594204,0.9321862348178137,0.9148936170212766,0.8532110091743119
1,1,0.9176,0.9752747252747254,0.83,0.9207920792079208
2,2,0.9034690799396682,0.9563492063492063,0.854368932038835,0.8666666666666667
3,3,0.8947368421052632,0.8310714285714285,0.7431192660550459,0.8113207547169812
4,4,0.8204647676161918,0.850462962962963,0.7884615384615384,0.7849462365591398
