,folds,test_auc,val_auc,test_acc,val_acc
0,0,0.7209374999999999,0.7458333333333333,0.5,0.5294117647058824
1,1,0.6276515151515152,0.8479863868406126,0.452054794520548,0.5119047619047619
2,2,0.6694117647058824,0.6407407407407408,0.5952380952380952,0.5357142857142857
3,3,0.6484123331799356,0.6198529411764706,0.5638297872340425,0.5405405405405406
4,4,0.6859756097560976,0.8064292321924145,0.5176470588235293,0.5053763440860215
