,folds,test_auc,val_auc,test_acc,val_acc
0,0,0.7209375,0.745833333,0.5,0.529411765
1,1,0.627651515,0.847986387,0.452054795,0.511904762
2,2,0.669411765,0.640740741,0.595238095,0.535714286
3,3,0.648412333,0.619852941,0.563829787,0.540540541
4,4,0.68597561,0.806429232,0.517647059,0.505376344
,,0.670477745,0.732168527,0.525753947,0.524589539
,,0.001021695,0.008017797,0.002487674,0.0001863
