,folds,test_auc,val_auc,test_acc,val_acc
0,0,0.5041585614310795,0.5044807704459313,0.4007352941176471,0.436426116838488
1,1,0.4469853320732087,0.5330726776473277,0.4226415094339623,0.4147157190635451
2,2,0.5003165477473778,0.49273383058444514,0.4219858156028369,0.4128113879003559
3,3,0.49707614646202947,0.4933820025851923,0.4020979020979021,0.40802675585284276
4,4,0.47789801639584945,0.49179818412240106,0.3864406779661017,0.39636363636363636
