,folds,test_auc,val_auc,test_acc,val_acc
0,0,0.97,0.9133333333333334,0.8875,0.8941176470588236
1,1,0.9568181818181818,0.9642654566080544,0.904109589041096,0.8928571428571429
2,2,0.9711764705882352,0.8717948717948718,0.9285714285714286,0.7738095238095238
3,3,0.8757478140819144,0.8955882352941176,0.7446808510638299,0.7972972972972973
4,4,0.9805986696230599,0.9828862164662351,0.9294117647058824,0.9139784946236559
