,folds,test_auc,test_acc
0,0,0.714965986,0.759493671
1,1,0.83767927,0.788235294
2,2,0.712139423,0.654761905
3,3,0.6761735,0.654761905
4,4,0.730932203,0.703296703
,,0.734378076,0.712109896
,,0.002988434,0.002939111
