,folds,test_auc,test_acc
0,0,0.7149659863945578,0.759493670886076
1,1,0.8376792698826596,0.788235294117647
2,2,0.7121394230769229,0.6547619047619048
3,3,0.6761734997029114,0.6547619047619048
4,4,0.7309322033898304,0.7032967032967032
