,folds,test_auc,test_acc
0,0,0.9299999999999999,0.8375
1,1,0.956060606060606,0.8767123287671232
2,2,0.9594117647058823,0.8809523809523809
3,3,0.8205246203405432,0.7765957446808511
4,4,0.9656319290465633,0.9176470588235294
