,folds,test_auc,val_auc,test_acc,val_acc
0,4,0.7997881355932204,0.8683344305464121,0.7032967032967032,0.7875
