,folds,test_auc,val_auc,test_acc,val_acc
0,0,0.51,0.47333333333333333,0.525,0.5294117647058824
1,1,0.4935606060606061,0.6108905275099262,0.4794520547945206,0.5357142857142857
2,2,0.568529411764706,0.48404558404558407,0.5952380952380952,0.5357142857142857
3,3,0.6102162908421537,0.5165441176470589,0.5638297872340425,0.5405405405405406
4,4,0.4074279379157428,0.5131822386679001,0.5529411764705883,0.5376344086021505
