,folds,test_auc,val_auc,test_acc,val_acc
0,0,0.6727891156462585,0.7979482604817129,0.6329113924050633,0.731958762886598
1,1,0.863102998696219,0.8164021164021164,0.8235294117647058,0.7191011235955056
2,2,0.8768028846153846,0.883957219251337,0.7857142857142857,0.8426966292134832
3,3,0.8163992869875223,0.7867383512544803,0.7738095238095238,0.6823529411764706
4,4,0.7997881355932204,0.879526003949967,0.6923076923076923,0.8
