,folds,test_auc,val_auc,test_acc,val_acc
0,0,0.7510204081632653,0.8033006244424621,0.6835443037974683,0.7422680412371134
1,1,0.8970013037809648,0.8137566137566138,0.8,0.696629213483146
2,2,0.8683894230769231,0.8919786096256684,0.7976190476190477,0.8426966292134832
3,3,0.8318478906714201,0.7867383512544803,0.7738095238095238,0.6941176470588235
4,4,0.7621822033898306,0.8815009874917709,0.6373626373626373,0.8
