,folds,test_auc,val_auc,test_acc,val_acc
0,0,0.425,0.5233333333333333,0.525,0.5294117647058824
1,1,0.4575757575757576,0.5694838343732275,0.4794520547945206,0.5357142857142857
2,2,0.44588235294117645,0.521937321937322,0.5952380952380952,0.5357142857142857
3,3,0.4684767602393005,0.5772058823529411,0.5638297872340425,0.5405405405405406
4,4,0.5501662971175166,0.61840888066605,0.5529411764705883,0.5376344086021505
