,folds,test_auc,val_auc,test_acc,val_acc
0,0,0.931875,0.9183333333333333,0.85,0.8
1,1,0.9401515151515151,0.9636982416335792,0.8356164383561644,0.9047619047619048
2,2,0.97,0.9037037037037037,0.8809523809523809,0.7976190476190477
3,3,0.8780487804878049,0.9352941176470588,0.7872340425531915,0.8648648648648649
4,4,0.958980044345898,0.9819611470860314,0.8823529411764706,0.9139784946236559
