,folds,test_auc,val_auc,test_acc,val_acc
0,0,0.865625,0.9188888888888889,0.7875,0.8352941176470589
1,1,0.8931818181818181,0.9364719228587635,0.8356164383561644,0.8571428571428572
2,2,0.9429411764705882,0.8621082621082621,0.8452380952380952,0.8095238095238095
3,3,0.873446847676024,0.9213235294117648,0.7659574468085106,0.8243243243243243
4,4,0.9262749445676275,0.9532839962997225,0.8470588235294118,0.8924731182795699
