,folds,test_auc,val_auc,test_acc,val_acc
0,0,0.88,0.9194444444444445,0.8125,0.8470588235294118
1,1,0.8909090909090909,0.89563244469654,0.821917808219178,0.8214285714285714
2,2,0.9464705882352942,0.8415954415954415,0.8452380952380952,0.7261904761904762
3,3,0.8729866543948458,0.9308823529411765,0.7765957446808511,0.8648648648648649
4,4,0.9490022172949002,0.9287696577243294,0.8941176470588236,0.8387096774193549
