,folds,test_auc,val_auc,test_acc,val_acc
0,0,0.9299999999999999,0.9144444444444445,0.825,0.8588235294117648
1,1,0.959090909090909,0.9580260918888258,0.8904109589041096,0.8928571428571429
2,2,0.9700000000000001,0.8700854700854702,0.8928571428571429,0.7976190476190477
3,3,0.8762080073630925,0.9294117647058824,0.7872340425531915,0.8918918918918919
4,4,0.9689578713968958,0.9805735430157261,0.8823529411764706,0.946236559139785
