,folds,test_auc,val_auc,test_acc,val_acc
0,0,0.814375,0.86,0.7375,0.8
1,1,0.8340909090909091,0.9166193987521271,0.7123287671232876,0.8571428571428572
2,2,0.8894117647058822,0.8045584045584045,0.8333333333333334,0.7023809523809523
3,3,0.8080994017487344,0.8139705882352941,0.7234042553191489,0.7162162162162162
4,4,0.9257206208425721,0.948658649398705,0.8117647058823529,0.8494623655913979
