,folds,test_auc,val_auc,test_acc,val_acc
0,0,0.9299999999999999,0.9061111111111111,0.8375,0.8352941176470589
1,1,0.956060606060606,0.949517867271696,0.8767123287671232,0.8809523809523809
2,2,0.9594117647058823,0.7806267806267806,0.8809523809523809,0.75
3,3,0.8205246203405432,0.8823529411764706,0.7765957446808511,0.8108108108108107
4,4,0.9656319290465633,0.9838112858464385,0.9176470588235294,0.967741935483871
