,folds,test_auc,val_auc,test_acc,val_acc
0,0,0.9781249999999999,0.9433333333333332,0.9125,0.8823529411764706
1,1,0.9659090909090908,0.9733408961996597,0.8767123287671232,0.9047619047619048
2,2,0.9776470588235295,0.860968660968661,0.9047619047619048,0.7857142857142857
3,3,0.8693051081454212,0.9536764705882352,0.8085106382978724,0.8918918918918919
4,4,0.9689578713968958,0.9856614246068454,0.9294117647058824,0.956989247311828
