,folds,test_auc,val_auc,test_acc,val_acc
0,0,0.5209375,0.5175000000000001,0.525,0.5294117647058824
1,1,0.49015151515151517,0.5408394781622234,0.4794520547945206,0.5357142857142857
2,2,0.5679411764705883,0.5207977207977208,0.5952380952380952,0.5357142857142857
3,3,0.5849056603773586,0.5216911764705883,0.5638297872340425,0.5405405405405406
4,4,0.426829268292683,0.5168825161887143,0.5529411764705883,0.5376344086021505
